,City,Country,Lat,Lng,Max Temp,Humidity,Cloudiness,Wind Speed,Current Description
0,Panama City,PA,8.9936,-79.5197,78.06,92,20,2.3,few clouds
1,Hovd,MN,48.0056,91.6419,84.04,14,7,4.7,clear sky
2,Hasaki,JP,35.7333,140.8333,84.29,82,4,17.92,clear sky
3,Bilma,NE,18.6853,12.9164,91.89,37,38,11.68,scattered clouds
4,Greenville,US,35.6127,-77.3663,78.89,90,1,0.0,clear sky
5,Buala,SB,-8.145,159.5921,80.22,81,99,7.14,light rain
6,Puerto Ayora,EC,-0.7393,-90.3518,71.1,87,53,8.86,broken clouds
7,Yellowknife,CA,62.456,-114.3525,53.33,76,93,5.01,overcast clouds
8,Kasempa,ZM,-13.4584,25.8338,64.62,32,100,9.86,overcast clouds
9,Tomigusuku,JP,26.185,127.675,87.93,70,75,12.66,broken clouds
10,Upernavik,GL,72.7868,-56.1549,46.62,81,100,1.63,overcast clouds
11,Chon Daen,TH,16.1895,100.8596,87.33,67,97,7.99,overcast clouds
12,Port Hedland,AU,-20.3167,118.5667,80.65,50,61,20.71,broken clouds
13,Esperance,AU,-33.8667,121.9,59.09,58,49,11.9,scattered clouds
14,Imbituba,BR,-28.24,-48.6703,48.81,70,1,9.35,clear sky
15,Muscat,OM,23.6139,58.5922,100.29,47,76,4.09,broken clouds
16,Rikitea,PF,-23.1203,-134.9692,74.73,82,100,14.47,overcast clouds
17,Cape Town,ZA,-33.9258,18.4232,55.11,81,100,6.4,overcast clouds
18,Hobyo,SO,5.3505,48.5268,80.35,68,100,22.93,overcast clouds
19,Saint-Philippe,RE,-21.3585,55.7679,69.22,93,100,16.11,moderate rain
20,Tuktoyaktuk,CA,69.4541,-133.0374,44.38,91,100,10.25,overcast clouds
21,Avarua,CK,-21.2078,-159.775,66.25,94,75,2.3,broken clouds
22,Ribeira Grande,PT,38.5167,-28.7,73.8,73,40,9.22,scattered clouds
23,Mataura,NZ,-46.1927,168.8643,47.48,95,100,2.86,overcast clouds
24,Yar-Sale,RU,66.8333,70.8333,51.15,62,100,12.62,overcast clouds
25,Egvekinot,RU,66.3167,-179.1667,37.89,90,100,13.91,moderate rain
26,Severo-Kurilsk,RU,50.6789,156.125,57.45,93,100,8.57,overcast clouds
27,Vaini,TO,-21.2,-175.2,69.96,78,40,8.05,scattered clouds
28,New Norfolk,AU,-42.7826,147.0587,51.3,46,8,10.58,clear sky
29,Busselton,AU,-33.65,115.3333,60.08,69,52,21.34,broken clouds
30,Dikson,RU,73.5069,80.5464,37.38,98,100,16.4,overcast clouds
31,Lusambo,CD,-4.9667,23.45,86.11,23,14,3.06,few clouds
32,Punta Arenas,CL,-53.15,-70.9167,42.91,93,75,25.32,broken clouds
33,Hithadhoo,MV,-0.6,73.0833,81.41,78,74,10.0,broken clouds
34,Odienne,CI,9.51,-7.5692,70.84,97,100,3.06,overcast clouds
35,Barrow,US,71.2906,-156.7887,37.42,96,90,19.57,fog
36,Jalu,LY,29.0331,21.5482,92.17,24,0,5.37,clear sky
37,Vao,NC,-22.6667,167.4833,68.41,65,100,17.18,overcast clouds
38,Albany,US,42.6001,-73.9662,64.35,92,93,3.47,overcast clouds
39,Butaritari,KI,3.0707,172.7902,82.11,72,100,6.69,overcast clouds
40,Baruun-Urt,MN,46.6806,113.2792,77.29,40,84,4.7,broken clouds
41,Idritsa,RU,56.3316,28.8988,74.55,66,100,3.49,overcast clouds
42,Talnakh,RU,69.4865,88.3972,55.9,84,100,3.8,light rain
43,Mercedes,AR,-34.6515,-59.4307,42.85,72,88,15.7,overcast clouds
44,Avera,US,33.194,-82.5271,77.72,87,94,1.66,overcast clouds
45,Turukhansk,RU,65.8167,87.9833,55.31,84,100,6.46,overcast clouds
46,Ichinohe,JP,40.2069,141.3017,80.26,75,23,6.82,few clouds
47,Abu Dhabi,AE,24.4667,54.3667,114.91,17,0,5.75,clear sky
48,Sao Joao Da Barra,BR,-21.6403,-41.0511,68.02,60,0,10.22,clear sky
49,Tasquillo,MX,20.55,-99.3,58.98,97,42,2.39,scattered clouds
50,Santa Cruz,BO,-17.8,-63.1667,60.26,36,90,13.8,overcast clouds
51,Longyearbyen,SJ,78.2186,15.6401,42.64,93,90,8.05,overcast clouds
52,Kieta,PG,-6.2167,155.6333,79.81,83,21,5.77,light rain
53,Port Alfred,ZA,-33.5906,26.891,62.83,71,83,9.08,broken clouds
54,Yeppoon,AU,-23.1333,150.7333,69.58,73,0,10.65,clear sky
55,Ushuaia,AR,-54.8,-68.3,38.97,97,100,4.21,overcast clouds
56,Ahipara,NZ,-35.1667,173.1667,55.0,90,46,6.17,scattered clouds
57,Chacarita,CR,9.9829,-84.7723,76.87,87,100,3.42,overcast clouds
58,Ballina,AU,-28.8667,153.5667,64.78,71,0,13.56,clear sky
59,Rocha,UY,-34.4833,-54.3333,44.58,71,100,15.52,overcast clouds
60,Saint-Joseph,RE,-21.3667,55.6167,68.22,91,100,17.4,moderate rain
61,Lichinga,MZ,-13.3128,35.2406,65.28,40,32,5.79,scattered clouds
62,Honningsvag,NO,70.9821,25.9704,47.95,81,75,1.14,broken clouds
63,Kemijarvi,FI,66.7131,27.4306,74.14,50,10,2.98,clear sky
64,Mar Del Plata,AR,-38.0023,-57.5575,44.13,64,90,8.01,overcast clouds
65,Mount Gambier,AU,-37.8333,140.7667,45.12,82,97,16.8,overcast clouds
66,Acarau,BR,-2.8856,-40.12,75.09,91,48,10.0,scattered clouds
67,Young,UY,-32.6833,-57.6333,39.22,73,39,11.92,scattered clouds
68,Saldanha,ZA,-33.0117,17.9442,56.75,60,100,6.64,overcast clouds
69,Namatanai,PG,-3.6667,152.4333,80.91,79,94,6.04,light rain
70,Kodiak,US,57.79,-152.4072,56.71,67,90,8.05,overcast clouds
71,Durban,ZA,-29.8579,31.0292,74.93,36,1,3.0,clear sky
72,East London,ZA,-33.0153,27.9116,64.45,71,100,6.93,overcast clouds
73,Itoigawa,JP,37.0333,137.85,80.92,82,37,3.15,scattered clouds
74,Lima,PE,-12.0432,-77.0282,59.25,88,90,6.91,overcast clouds
75,Port Elizabeth,ZA,-33.918,25.5701,61.11,69,11,9.08,few clouds
76,Bluff,NZ,-46.6,168.3333,47.8,82,100,6.02,overcast clouds
77,Arlit,NE,18.7369,7.3853,87.3,45,6,10.09,clear sky
78,Yenagoa,NG,4.9247,6.2642,79.16,72,72,5.88,broken clouds
79,Sao Filipe,CV,14.8961,-24.4956,73.87,79,29,7.56,scattered clouds
80,Opuwo,NA,-18.0607,13.84,63.41,25,0,10.38,clear sky
81,Garowe,SO,8.4054,48.4845,82.99,43,63,32.41,broken clouds
82,Tiksi,RU,71.6872,128.8694,41.47,81,39,10.89,scattered clouds
83,Hermanus,ZA,-34.4187,19.2345,52.9,63,100,11.05,overcast clouds
84,Lagoa,PT,39.05,-27.9833,71.22,86,100,9.04,overcast clouds
85,Cockburn Town,TC,21.4612,-71.1419,81.36,76,100,14.43,overcast clouds
86,Kabo,CF,7.6994,18.629,78.15,73,91,4.56,overcast clouds
87,Sisimiut,GL,66.9395,-53.6735,50.27,70,16,2.06,few clouds
88,Khotyn,UA,48.4833,26.5,86.27,55,93,2.06,overcast clouds
89,Kapaa,US,22.0752,-159.319,80.92,76,75,1.99,broken clouds
90,Hilo,US,19.7297,-155.09,73.26,91,90,6.91,moderate rain
91,La Sarre,CA,48.8002,-79.1996,46.35,86,10,2.35,clear sky
92,Ixtapa,MX,20.7,-105.2,78.22,93,100,1.01,overcast clouds
93,Torbay,CA,47.6666,-52.7314,65.75,97,100,9.28,overcast clouds
94,Okhotsk,RU,59.3833,143.3,59.52,75,84,12.8,broken clouds
95,Tuatapere,NZ,-46.1333,167.6833,47.82,88,90,4.5,overcast clouds
96,Kokopo,PG,-4.352,152.2633,80.35,79,100,7.27,light rain
97,Lompoc,US,34.6391,-120.4579,61.11,89,90,0.0,overcast clouds
98,Porbandar,IN,21.6422,69.6093,83.7,80,100,28.86,overcast clouds
99,Ishigaki,JP,24.3448,124.1572,84.16,78,100,4.56,overcast clouds
100,Cabo San Lucas,MX,22.8909,-109.9124,84.61,75,59,1.01,broken clouds
101,Chokurdakh,RU,70.6333,147.9167,45.46,58,20,16.11,few clouds
102,Bambous Virieux,MU,-20.3428,57.7575,66.22,79,100,22.75,light rain
103,Benghazi,LY,32.1167,20.0667,83.25,54,0,6.53,clear sky
104,Cidreira,BR,-30.1811,-50.2056,43.54,69,3,17.87,clear sky
105,Santa Cruz De La Palma,ES,28.6835,-17.7642,73.54,73,90,16.11,overcast clouds
106,Port Hardy,CA,50.6996,-127.4199,56.34,84,28,1.21,scattered clouds
107,Souillac,MU,-20.5167,57.5167,66.36,79,100,21.12,light rain
108,Chesma,RU,53.8111,60.6533,67.01,55,48,9.42,scattered clouds
109,Padang,ID,-0.9492,100.3543,86.05,75,89,4.52,overcast clouds
110,Japura,ID,-0.3167,102.35,94.86,35,81,4.34,broken clouds
111,Beira,MZ,-19.8436,34.8389,71.69,78,20,5.75,few clouds
112,Ponta Do Sol,PT,32.6667,-17.1,76.01,76,36,4.88,scattered clouds
113,Caraballeda,VE,10.6112,-66.8522,79.38,85,75,6.91,drizzle
114,Pevek,RU,69.7008,170.3133,35.56,95,100,15.75,light rain
115,Ilo,PE,-17.6394,-71.3375,58.26,85,53,5.75,broken clouds
116,Puerto Leguizamo,CO,-0.1934,-74.7819,69.31,99,81,0.92,broken clouds
117,Hofn,IS,64.2539,-15.2082,48.22,93,90,5.75,overcast clouds
118,Carnarvon,AU,-24.8667,113.6333,68.27,62,87,7.05,overcast clouds
119,Camana,PE,-16.6228,-72.7111,59.2,89,59,8.41,broken clouds
120,Atuona,PF,-9.8,-139.0333,78.13,70,5,18.34,clear sky
121,Lethem,GY,3.3803,-59.7968,73.11,93,95,3.78,overcast clouds
122,Castro,BR,-24.7911,-50.0119,36.39,94,9,7.11,clear sky
123,Rio Gallegos,AR,-51.6226,-69.2181,44.65,81,0,12.66,clear sky
124,Besikduzu,TR,41.052,39.2284,80.49,68,17,19.8,few clouds
125,Saskylakh,RU,71.9167,114.0833,72.79,30,17,17.47,few clouds
126,Meulaboh,ID,4.1363,96.1285,86.0,65,61,9.4,broken clouds
127,Kibre Mengist,ET,5.8833,38.9833,55.98,97,100,3.78,light rain
128,Pelym,RU,61.0108,61.9978,49.24,77,100,11.36,overcast clouds
129,Kaura Namoda,NG,12.5898,6.5779,75.31,79,84,10.58,broken clouds
130,Pestravka,RU,52.405,49.9583,79.11,35,59,9.4,broken clouds
131,Bousso,TD,10.4795,16.7117,76.06,82,100,7.49,overcast clouds
132,Ilulissat,GL,69.2167,-51.1,48.22,66,100,3.44,overcast clouds
133,Patacamaya,BO,-17.2333,-67.9167,37.35,59,12,5.64,few clouds
134,Kirakira,SB,-10.4544,161.9205,79.36,84,13,9.13,few clouds
135,Warmbad,NA,-28.45,18.7333,56.68,36,0,3.53,clear sky
136,Fershampenuaz,RU,53.5202,59.8117,67.42,48,64,10.31,broken clouds
137,Rapar,IN,23.5667,70.6333,84.16,74,100,25.03,overcast clouds
138,Arraial Do Cabo,BR,-22.9661,-42.0278,70.52,89,3,24.45,clear sky
139,Tabursuq,TN,36.4569,9.2475,90.32,10,0,9.4,clear sky
140,Fuyu,CN,45.1833,124.8167,84.13,61,99,3.51,overcast clouds
141,Hirara,JP,24.8,125.2833,83.75,80,100,6.58,overcast clouds
142,Krasnoselkup,RU,65.7,82.4667,59.36,60,100,7.34,overcast clouds
143,Lorengau,PG,-2.0226,147.2712,82.78,78,6,7.07,clear sky
144,Aksarka,RU,66.5606,67.7975,48.27,91,100,8.19,overcast clouds
145,Georgetown,MY,5.4112,100.3354,89.53,66,20,9.22,few clouds
146,San Patricio,US,28.017,-97.5169,84.09,80,3,4.18,clear sky
147,Tororo,UG,0.693,34.1809,72.88,59,99,3.87,overcast clouds
148,Atbasar,KZ,51.8,68.3333,76.26,28,74,9.48,broken clouds
149,Marathon,US,44.9,-89.7668,69.33,91,40,3.44,scattered clouds
150,Thompson,CA,55.7435,-97.8558,54.46,90,52,5.64,broken clouds
151,Chuy,UY,-33.6971,-53.4616,44.83,69,82,13.87,broken clouds
152,Kaitangata,NZ,-46.2817,169.8464,49.93,79,91,3.74,overcast clouds
153,Okha,RU,53.5739,142.9478,68.83,88,100,0.87,overcast clouds
154,Nikolskoye,RU,59.7035,30.7861,82.4,50,100,5.73,overcast clouds
155,Saint-Omer,FR,50.75,2.1667,63.16,86,91,18.21,overcast clouds
156,Lebu,CL,-37.6167,-73.65,44.53,78,0,16.11,clear sky
157,Vila Franca Do Campo,PT,37.7167,-25.4333,68.41,90,62,6.93,broken clouds
158,Ukiah,US,39.1502,-123.2078,73.65,60,1,0.0,clear sky
159,Victoria,HK,22.2855,114.1577,90.97,81,46,4.0,moderate rain
160,Mahebourg,MU,-20.4081,57.7,66.25,77,99,22.93,light rain
161,Constitucion,CL,-35.3333,-72.4167,42.67,76,0,7.05,clear sky
162,Kuantan,MY,3.8077,103.326,91.58,53,75,7.94,broken clouds
163,Berlevag,NO,70.8578,29.0864,46.4,93,75,5.75,broken clouds
164,Saint Anthony,US,45.0205,-93.218,78.06,82,1,3.0,clear sky
165,Lianzhou,CN,24.7811,112.3825,95.77,52,64,1.86,broken clouds
166,Bengkulu,ID,-3.8004,102.2655,84.54,61,100,11.59,overcast clouds
167,Leningradskiy,RU,69.3833,178.4167,33.08,100,100,9.71,snow
168,Angoche,MZ,-16.2325,39.9086,75.25,61,14,7.94,light rain
169,Shache,CN,38.4167,77.2406,102.92,10,29,10.94,scattered clouds
170,Steinfurt,DE,52.1505,7.3366,66.88,87,94,16.62,overcast clouds
171,Sitka,US,57.0531,-135.33,57.09,88,90,3.44,overcast clouds
172,Maple Creek,CA,49.9168,-109.4848,71.74,45,100,5.95,overcast clouds
173,Mazatlan,MX,23.2167,-106.4167,79.02,90,90,5.01,overcast clouds
174,Calamar,CO,10.2511,-74.9146,78.75,94,85,1.19,overcast clouds
175,Codrington,AU,-38.2667,141.9667,46.92,75,74,21.81,light rain
176,Piacabucu,BR,-10.4056,-36.4344,72.45,86,7,4.56,clear sky
177,Orlik,RU,52.5178,99.825,65.95,76,90,0.74,moderate rain
178,Jamestown,US,42.097,-79.2353,64.71,96,1,1.16,clear sky
179,Norman Wells,CA,65.282,-126.8329,57.43,70,75,2.26,broken clouds
180,Saint-Augustin,CA,51.226,-58.6502,59.49,93,100,6.4,overcast clouds
181,Bethel,US,41.3712,-73.414,68.09,91,75,0.0,broken clouds
182,Nantucket,US,41.2835,-70.0995,69.96,90,75,4.61,broken clouds
183,Arman,RU,59.7,150.1667,61.02,59,98,3.89,overcast clouds
184,Itoman,JP,26.1247,127.6694,88.18,70,75,12.66,broken clouds
185,Necochea,AR,-38.5473,-58.7368,43.03,68,100,23.38,overcast clouds
186,Trinidad,BO,-14.8333,-64.9,61.65,29,9,9.66,clear sky
187,San Carlos De Bariloche,AR,-41.1456,-71.3082,32.45,54,0,4.61,clear sky
188,Tokur,RU,53.1333,132.9,71.51,90,17,3.74,moderate rain
189,La Primavera,CO,5.4906,-70.4092,74.08,91,98,0.98,overcast clouds
190,Provideniya,RU,64.3833,-173.3,46.83,99,100,7.58,light rain
191,Tzucacab,MX,20.0667,-89.05,72.61,99,15,2.48,few clouds
192,Turkistan,KZ,43.0,68.0,96.91,11,0,16.37,clear sky
193,Kapit,MY,2.0167,112.9333,95.05,43,57,2.8,broken clouds
194,Broome,US,42.2506,-75.833,63.55,98,4,1.99,clear sky
195,Indi,IN,17.1667,75.9667,83.68,57,100,23.38,overcast clouds
196,Luanda,AO,-8.8368,13.2343,74.5,69,87,6.24,overcast clouds
197,Kununurra,AU,-15.7667,128.7333,94.98,28,54,3.44,broken clouds
198,Clyde River,CA,70.4692,-68.5914,42.67,78,100,1.16,overcast clouds
199,Baza,ES,37.4907,-2.7726,82.74,44,0,3.71,clear sky
200,Qaanaaq,GL,77.484,-69.3632,43.02,89,100,5.17,overcast clouds
201,Sao Gabriel Da Cachoeira,BR,-0.1303,-67.0892,70.93,99,99,1.77,overcast clouds
202,Filingue,NE,14.3521,3.3168,82.94,66,100,9.48,overcast clouds
203,Lazaro Cardenas,MX,17.9583,-102.2,78.22,87,100,3.0,overcast clouds
204,Chhatak,BD,25.0333,91.6667,91.09,64,98,6.62,overcast clouds
205,Tasiilaq,GL,65.6145,-37.6368,35.76,72,24,5.48,few clouds
206,Bredasdorp,ZA,-34.5322,20.0403,51.28,67,100,6.17,overcast clouds
207,Plouzane,FR,48.3833,-4.6167,62.78,88,75,12.66,broken clouds
208,Malinovoye Ozero,RU,51.6753,79.7825,73.87,28,61,11.83,broken clouds
209,Abnub,EG,27.2696,31.1511,94.46,19,4,17.31,clear sky
210,Vardo,NO,70.3705,31.1107,46.6,87,75,6.91,broken clouds
211,Port Hueneme,US,34.1478,-119.1951,77.63,88,75,8.05,broken clouds
212,Tatawin,TN,32.9297,10.4518,83.84,36,0,6.85,clear sky
213,Nizhniy Kuranakh,RU,58.8353,125.4869,75.97,49,11,5.5,few clouds
214,Santa Cruz Cabralia,BR,-16.2781,-39.0247,70.03,94,40,4.61,scattered clouds
215,Vanimo,PG,-2.6741,141.3028,82.04,80,36,4.92,scattered clouds
216,Slave Lake,CA,55.2834,-114.769,54.18,66,11,2.64,few clouds
217,Roald,NO,62.5833,6.1333,69.94,78,40,2.3,scattered clouds
218,Porto Novo,BJ,6.4965,2.6036,78.96,73,99,9.06,overcast clouds
219,Dollar,GB,56.1624,-3.6714,60.4,96,100,6.71,light rain
220,Liverpool,GB,53.4106,-2.9779,63.63,74,20,1.01,few clouds
221,Richards Bay,ZA,-28.783,32.0377,68.34,29,0,8.23,clear sky
222,Dunedin,NZ,-45.8742,170.5036,49.8,66,100,5.99,overcast clouds
223,Doha,QA,25.2867,51.5333,111.18,28,82,4.61,broken clouds
224,Araouane,ML,18.9048,-3.5265,90.28,43,100,14.23,overcast clouds
225,Zyryanovsk,KZ,49.7386,84.2719,77.61,41,28,11.41,scattered clouds
226,Hatta,IN,24.1167,79.6,76.1,91,100,14.54,overcast clouds
227,Porto Walter,BR,-8.2686,-72.7439,72.79,87,92,2.24,overcast clouds
228,Nanortalik,GL,60.1432,-45.2371,44.74,82,100,1.34,overcast clouds
229,Piracicaba,BR,-22.7253,-47.6492,63.84,93,99,4.32,overcast clouds
230,Hobart,AU,-42.8794,147.3294,51.66,59,20,3.0,few clouds
231,Tautira,PF,-17.7333,-149.15,75.22,71,13,6.38,few clouds
232,Ikom,NG,5.9667,8.7063,75.2,90,99,1.45,light rain
233,Bulaevo,KZ,54.9056,70.4439,69.44,61,24,17.72,moderate rain
234,Gat,IL,31.61,34.7642,92.39,34,0,9.66,clear sky
235,Cururupu,BR,-1.8283,-44.8683,73.24,98,24,3.04,few clouds
236,Sigli,ID,5.3848,95.9609,86.56,63,74,4.85,broken clouds
237,Oistins,BB,13.0667,-59.5333,80.64,72,75,13.11,broken clouds
238,Norashen,AM,39.9996,44.5895,84.79,39,1,6.15,clear sky
239,Yulara,AU,-25.2406,130.9889,76.84,29,75,9.22,broken clouds
240,Grindavik,IS,63.8424,-22.4338,55.56,87,0,10.36,clear sky
241,Male,MV,4.1748,73.5089,81.54,78,100,10.56,overcast clouds
242,Meridian,US,43.6121,-116.3915,80.92,44,1,3.0,smoke
243,Caravelas,BR,-17.7125,-39.2481,67.64,97,31,5.86,scattered clouds
244,Huejuquilla El Alto,MX,22.6,-103.8667,63.14,73,100,1.41,overcast clouds
245,Boende,CD,-0.2167,20.8667,89.38,25,25,2.57,scattered clouds
246,Umm Lajj,SA,25.0213,37.2685,90.84,63,93,16.31,overcast clouds
247,Sambava,MG,-14.2667,50.1667,76.24,59,5,13.49,clear sky
248,Ahuimanu,US,21.4447,-157.8378,78.51,70,20,9.22,few clouds
249,Deputatskiy,RU,69.3,139.9,47.75,53,69,8.72,broken clouds
250,Pingdingshan,CN,33.7385,113.3012,83.16,70,98,15.97,overcast clouds
251,Melnikovo,RU,56.5558,84.085,71.04,43,84,3.15,broken clouds
252,Okoneshnikovo,RU,54.8377,75.0834,73.22,36,60,10.6,broken clouds
253,Poum,NC,-20.2333,164.0167,71.22,64,11,10.0,few clouds
254,Tessalit,ML,20.1986,1.0114,89.83,40,26,16.17,scattered clouds
255,Mayo,US,38.8876,-76.5119,77.58,90,1,3.44,clear sky
256,Namikupa,TZ,-10.8333,39.6,81.12,33,58,6.15,broken clouds
257,Lavrentiya,RU,65.5833,-171.0,44.2,99,100,15.39,light rain
258,Coquimbo,CL,-29.9533,-71.3436,44.33,75,20,10.36,few clouds
259,Pangody,RU,65.85,74.4859,57.83,75,100,8.12,overcast clouds
260,Pacific Grove,US,36.6177,-121.9166,64.76,92,90,1.01,overcast clouds
261,Champerico,GT,14.3,-91.9167,80.76,90,77,7.2,broken clouds
262,Jobabo,CU,20.9692,-76.2994,73.42,95,76,5.12,broken clouds
263,Zhigansk,RU,66.7697,123.3711,71.17,36,0,8.57,clear sky
264,Cruzeiro Do Sul,BR,-29.5128,-51.9853,42.49,72,0,4.88,clear sky
265,Peniche,PT,39.3558,-9.3811,70.61,86,12,19.6,few clouds
266,Ivanivka,UA,46.7208,34.553,87.13,37,0,8.1,clear sky
267,Cozumel,MX,20.5083,-86.9458,82.38,78,46,9.69,scattered clouds
268,Airai,TL,-8.9266,125.4092,68.83,59,83,4.05,broken clouds
269,Asau,RO,46.4333,26.4,88.95,47,37,4.14,scattered clouds
270,Zyryanka,RU,65.75,150.85,42.3,92,100,10.04,overcast clouds
271,Khandagayty,RU,50.7333,92.05,72.32,43,5,8.21,clear sky
272,Port Blair,IN,11.6667,92.75,83.93,82,100,20.04,overcast clouds
273,Tromso,NO,69.6496,18.957,65.05,87,75,11.5,broken clouds
274,Xuanzhou,CN,30.9525,118.7553,89.49,75,70,8.3,broken clouds
275,Dingle,PH,10.9995,122.6711,84.56,74,57,16.24,broken clouds
276,Abu Samrah,SY,35.3029,37.1841,91.49,26,0,12.08,clear sky
277,Cherskiy,RU,68.75,161.3,38.62,73,87,18.05,overcast clouds
278,Ondjiva,AO,-17.0667,15.7333,63.9,24,0,10.78,clear sky
279,Jiuquan,CN,39.7432,98.5174,93.92,10,5,17.52,clear sky
280,Khandbari,NP,27.3747,87.2039,85.06,70,59,5.28,broken clouds
281,Kruisfontein,ZA,-34.0033,24.7314,58.89,66,31,9.89,scattered clouds
282,Mount Isa,AU,-20.7333,139.5,85.77,21,4,8.05,clear sky
283,Klaksvik,FO,62.2266,-6.589,52.72,91,100,5.86,overcast clouds
284,Tiznit,MA,29.5833,-9.5,76.01,52,6,3.49,clear sky
285,Yumen,CN,40.2833,97.2,92.52,10,0,6.71,clear sky
286,Calbuco,CL,-41.768,-73.1273,34.81,79,7,8.88,clear sky
287,Pundaguitan,PH,6.3711,126.1689,85.05,73,35,17.29,scattered clouds
288,Sussex,US,41.1834,-74.6663,68.09,94,90,0.0,mist
289,Tabou,CI,4.423,-7.3528,76.77,73,100,6.38,overcast clouds
290,Severo-Yeniseyskiy,RU,60.3725,93.0408,61.05,56,100,3.96,overcast clouds
291,Guayaramerin,BO,-10.8368,-65.3614,73.47,72,6,5.97,clear sky
292,Bay Roberts,CA,47.5999,-53.2648,66.51,97,100,5.01,overcast clouds
293,Tadine,NC,-21.55,167.8833,69.51,60,100,12.71,overcast clouds
294,Glendive,US,47.1053,-104.7125,82.02,42,1,10.36,clear sky
295,Tsiroanomandidy,MG,-18.7667,46.0333,75.25,28,0,1.59,clear sky
296,Maltahohe,NA,-24.8333,16.9833,61.59,27,0,3.89,clear sky
297,Mattru,SL,7.6244,-11.8332,73.67,94,100,4.05,overcast clouds
298,Thinadhoo,MV,0.5333,72.9333,82.0,75,100,8.66,heavy intensity rain
299,Whyalla,AU,-33.0333,137.5833,58.89,41,22,13.8,few clouds
300,Santa Isabel Do Rio Negro,BR,-0.4139,-65.0192,70.48,99,98,2.33,overcast clouds
301,Touros,BR,-5.1989,-35.4608,72.5,91,14,10.45,few clouds
302,Mogadishu,SO,2.0371,45.3438,78.03,78,68,21.3,light rain
303,Talcahuano,CL,-36.7167,-73.1167,46.08,66,0,17.27,clear sky
304,Khed Brahma,IN,24.0333,73.05,81.68,80,100,14.12,overcast clouds
305,Road Town,VG,18.4167,-64.6167,78.21,77,9,19.22,clear sky
306,Birin,NP,26.8865,88.0718,75.24,76,91,5.03,overcast clouds
307,Oum Hadjer,TD,13.2954,19.6966,76.8,79,100,3.58,overcast clouds
308,Hit,IQ,33.6416,42.8251,104.45,12,0,18.63,clear sky
309,Te Anau,NZ,-45.4167,167.7167,43.99,91,78,1.72,broken clouds
310,Roma,US,43.2128,-75.4557,61.95,90,1,3.44,clear sky
311,Lumajang,ID,-8.1335,113.2248,83.57,56,5,7.63,clear sky
312,Myre,NO,69.1036,15.9492,62.42,94,46,15.84,scattered clouds
313,Sainte-Suzanne,RE,-20.9061,55.6089,69.85,88,90,25.32,light intensity drizzle
314,Bridgetown,BB,13.1,-59.6167,80.94,73,61,13.38,broken clouds
315,Vostok,RU,46.4856,135.8833,86.63,54,53,5.21,broken clouds
316,San Quintin,MX,30.4833,-115.95,68.95,87,1,8.34,clear sky
317,Wasilla,US,61.5814,-149.4394,59.43,86,90,0.0,light rain
318,Bud,US,39.447,-86.1758,71.58,97,0,3.09,clear sky
319,Novyy Urgal,RU,51.0736,132.5642,80.13,81,83,6.46,broken clouds
320,Baiyin,CN,36.5583,104.2081,81.46,23,67,7.36,broken clouds
321,Yerbogachen,RU,61.2767,108.0108,89.71,27,3,8.61,clear sky
322,Yuci,CN,37.6803,112.7319,83.95,48,0,11.18,clear sky
323,Port Moresby,PG,-9.4431,147.1797,77.56,90,100,13.11,overcast clouds
324,Flin Flon,CA,54.7682,-101.865,58.75,67,34,5.57,scattered clouds
325,Juneau,US,58.3019,-134.4197,58.21,91,90,6.91,overcast clouds
326,Isiro,CD,2.7739,27.616,75.69,77,65,2.86,light rain
327,Veraval,IN,20.9,70.3667,82.35,85,100,23.53,overcast clouds
328,Morshansk,RU,53.4435,41.8107,83.7,37,42,2.62,scattered clouds
329,La Ronge,CA,55.1001,-105.2842,54.46,78,3,5.68,clear sky
330,Karasburg,NA,-28.0167,18.75,57.11,34,0,3.04,clear sky
331,Baghdad,IQ,33.3406,44.4009,105.71,20,0,16.11,clear sky
332,Kyaukse,MM,21.6,96.1333,89.6,66,75,12.33,drizzle
333,Masvingo,ZW,-20.0637,30.8277,63.18,47,0,3.36,clear sky
334,Erie,US,42.7667,-78.6664,64.26,93,2,3.67,clear sky
335,Zemio,CF,5.0314,25.1361,73.42,82,97,1.36,overcast clouds
336,Camacha,PT,33.0833,-16.3333,65.62,88,75,13.8,light intensity drizzle
337,Ambilobe,MG,-13.2,49.05,87.48,33,0,1.52,clear sky
338,Gilgit,PK,35.9221,74.3087,97.7,32,38,6.26,scattered clouds
339,Pisco,PE,-13.7,-76.2167,59.02,82,3,2.3,clear sky
340,Ngunguru,NZ,-35.6167,174.5,53.17,88,35,6.35,scattered clouds
341,Abha,SA,18.2164,42.5053,73.65,64,71,8.05,broken clouds
342,Bubaque,GW,11.2833,-15.8333,79.57,82,100,6.22,light rain
343,Bathsheba,BB,13.2167,-59.5167,80.4,75,73,12.66,broken clouds
344,Aracruz,BR,-19.8203,-40.2733,70.81,96,4,4.88,clear sky
345,Biltine,TD,14.5333,20.9167,78.21,69,100,8.19,overcast clouds
346,Paamiut,GL,61.994,-49.6678,45.63,78,88,9.53,overcast clouds
347,Fortuna,US,40.5982,-124.1573,68.41,92,1,0.0,clear sky
348,Marsala,IT,37.7966,12.4352,93.54,58,0,8.95,clear sky
349,Sharya,RU,58.3686,45.5144,69.85,36,19,5.12,few clouds
350,Kismayo,SO,-0.3582,42.5454,78.85,71,95,21.43,overcast clouds
351,Bukama,CD,-9.2,25.85,81.48,24,13,1.83,few clouds
352,Teya,RU,60.3778,92.6267,65.05,53,100,3.85,overcast clouds
353,Villa De Cura,VE,10.0386,-67.4894,67.24,98,10,2.17,clear sky
354,Aberfoyle,AU,-30.2667,152.0167,49.28,80,3,12.03,clear sky
355,Shirokiy,RU,49.758,129.523,81.86,72,93,9.6,overcast clouds
356,The Valley,AI,18.217,-63.0578,81.1,75,0,21.23,clear sky
357,Vallenar,CL,-28.5708,-70.7581,50.32,55,0,1.81,clear sky
358,Smithers,CA,54.7804,-127.1743,51.89,73,90,1.77,overcast clouds
359,Kajaani,FI,64.2273,27.7285,75.25,46,0,4.61,clear sky
360,Vila Velha,BR,-20.3297,-40.2925,71.55,78,0,8.05,clear sky
361,Comodoro Rivadavia,AR,-45.8667,-67.5,44.46,53,0,10.36,clear sky
362,Sakakah,SA,29.9697,40.2064,97.41,14,0,1.34,clear sky
363,Katsuura,JP,35.1333,140.3,84.31,86,4,18.57,clear sky
364,Progreso,MX,21.2833,-89.6667,77.11,82,14,8.93,few clouds
365,Nettuno,IT,41.4826,12.679,92.57,45,4,7.92,clear sky
366,Kassala,SD,15.451,36.4,81.88,66,99,15.82,overcast clouds
367,Filadelfia,US,39.9523,-75.1638,73.29,78,40,3.44,scattered clouds
368,Trofors,NO,65.5333,13.4063,74.66,47,55,2.93,broken clouds
369,Maniitsoq,GL,65.4167,-52.9,47.3,75,95,11.01,overcast clouds
370,Kamenka,RU,51.3223,42.7678,84.43,35,9,2.3,clear sky
371,Erzin,TR,36.9559,36.2,97.32,22,0,14.76,clear sky
372,Marawi,PH,7.9986,124.2928,76.64,59,100,7.87,overcast clouds
373,Batagay-Alyta,RU,67.8006,130.4114,57.09,43,0,14.32,clear sky
374,Kuala Terengganu,MY,5.3302,103.1408,86.45,68,57,8.9,broken clouds
375,Calmar,CA,53.2668,-113.8187,61.5,87,5,3.53,clear sky
376,Rovinj,HR,45.08,13.64,82.89,69,62,6.53,broken clouds
377,Benguela,AO,-12.5763,13.4055,73.63,70,4,1.99,clear sky
378,Mangaratiba,BR,-22.9597,-44.0406,66.78,92,93,8.08,overcast clouds
379,Cayenne,GF,4.9333,-52.3333,77.09,88,90,3.44,overcast clouds
380,Khatanga,RU,71.9667,102.5,90.43,29,96,17.11,overcast clouds
381,Prince Rupert,CA,54.3161,-130.3201,54.52,87,100,2.21,overcast clouds
382,Kingaroy,AU,-26.5333,151.8333,57.04,60,0,4.92,clear sky
383,Fort Nelson,CA,58.8053,-122.7002,51.37,92,70,3.71,broken clouds
384,Ketchikan,US,55.3422,-131.6461,55.87,94,90,4.61,overcast clouds
385,Tikrit,IQ,34.6071,43.6782,105.62,12,0,15.35,clear sky
386,Nelson Bay,AU,-32.7167,152.15,72.0,48,80,13.33,broken clouds
387,Mehamn,NO,71.0357,27.8492,48.38,100,75,3.44,broken clouds
388,Wundanyi,KE,-3.4019,38.364,68.76,41,76,8.75,broken clouds
389,Sindor,RU,62.8629,51.8905,50.9,66,100,8.05,overcast clouds
390,Gryazovets,RU,58.88,40.2525,73.26,48,1,5.32,clear sky
391,Hyeres,FR,43.1167,6.1167,83.73,44,0,13.8,clear sky
392,Namibe,AO,-15.1961,12.1522,69.96,63,2,2.48,clear sky
393,Qaqortoq,GL,60.7167,-46.0333,41.5,82,100,4.21,overcast clouds
394,Setermoen,NO,68.861,18.3486,74.43,58,24,4.23,few clouds
395,Nisia Floresta,BR,-6.0911,-35.2086,72.41,93,4,7.29,clear sky
396,Xuddur,SO,4.1213,43.8894,74.62,58,100,20.69,overcast clouds
397,Saint George,US,37.1041,-113.5841,84.34,46,1,1.99,clear sky
398,West Bay,KY,19.3667,-81.4167,84.6,69,100,13.69,overcast clouds
399,Luderitz,NA,-26.6481,15.1594,59.94,56,0,9.17,clear sky
400,Derzhavinsk,KZ,51.1,66.3167,79.95,23,12,12.08,few clouds
401,Marzuq,YE,14.4,46.4667,83.79,48,61,6.89,broken clouds
402,Aktau,KZ,43.65,51.2,77.58,36,100,10.27,overcast clouds
403,Lago Da Pedra,BR,-4.3333,-45.1667,69.89,95,19,2.39,few clouds
404,Westport,US,41.1415,-73.3579,70.79,94,33,1.99,scattered clouds
405,Port Lincoln,AU,-34.7333,135.8667,54.18,60,5,17.58,clear sky
406,Do Gonbadan,IR,30.3586,50.7981,107.04,8,1,1.59,clear sky
407,Micheweni,TZ,-4.9667,39.8333,79.03,66,63,15.86,broken clouds
408,Impfondo,CG,1.6381,18.0667,86.34,47,35,3.36,scattered clouds
409,Fairbanks,US,64.8378,-147.7164,57.6,94,90,1.99,light rain
410,Bambanglipuro,ID,-7.95,110.2833,81.48,64,98,14.74,overcast clouds
411,Weligama,LK,5.9667,80.4167,83.88,75,100,13.67,overcast clouds
412,Stolbishche,RU,55.6468,49.216,72.05,30,0,8.95,clear sky
413,Kpandu,GH,6.9954,0.2931,75.22,80,100,7.63,overcast clouds
414,Griffith,US,41.5284,-87.4237,78.03,91,1,3.44,clear sky
415,Biak,ID,-0.9131,122.8766,81.52,74,79,5.95,broken clouds
416,Ancud,CL,-41.8697,-73.8203,40.53,92,8,5.23,clear sky
417,Waitara,NZ,-38.925,174.25,50.72,87,9,7.61,clear sky
418,Port Augusta,AU,-32.5,137.7667,59.14,43,7,12.8,clear sky
419,Formosa Do Rio Preto,BR,-11.0483,-45.1931,62.67,51,0,2.1,clear sky
420,Ihlow,DE,51.8833,13.3333,75.0,82,75,6.91,broken clouds
421,Belmonte,BR,-15.8631,-38.8828,70.3,89,25,5.79,scattered clouds
422,Payo,ID,-3.7508,103.6372,90.36,33,100,4.72,overcast clouds
423,Thunder Bay,CA,48.4001,-89.3168,59.29,87,23,2.77,few clouds
424,Birnin Kebbi,NG,12.4539,4.1975,76.55,80,91,9.75,overcast clouds
425,Puerto Madryn,AR,-42.7692,-65.0385,37.44,87,7,10.94,clear sky
426,Isangel,VU,-19.55,169.2667,69.8,67,2,11.56,clear sky
427,Praia Da Vitoria,PT,38.7333,-27.0667,73.76,80,100,5.66,overcast clouds
428,Havre-Saint-Pierre,CA,50.2334,-63.5986,54.91,89,92,10.02,overcast clouds
429,Bandarbeyla,SO,9.4942,50.8122,88.47,45,39,30.49,scattered clouds
430,Faanui,PF,-16.4833,-151.75,77.13,76,86,5.17,light rain
431,Kuroiso,JP,36.9667,140.05,79.84,82,81,2.62,moderate rain
432,Turtas,RU,58.9417,69.1325,59.77,53,100,6.8,overcast clouds
433,Kangaatsiaq,GL,68.3065,-53.4641,43.39,86,98,6.26,overcast clouds
434,Sao Paulo De Olivenca,BR,-3.3783,-68.8725,73.02,94,100,0.92,overcast clouds
435,Kuytun,RU,54.3419,101.5036,84.74,29,0,8.72,clear sky
436,Breves,BR,-1.6822,-50.4803,71.55,97,8,2.3,clear sky
437,Barra Do Garcas,BR,-15.89,-52.2567,62.98,79,0,4.32,clear sky
438,Petropavlovsk-Kamchatskiy,RU,53.0452,158.6483,77.59,53,0,6.71,clear sky
439,Itarema,BR,-2.9248,-39.9167,74.61,91,41,9.57,scattered clouds
440,Klyuchi,RU,52.2667,79.1667,69.85,36,97,5.66,overcast clouds
441,Narsaq,GL,60.9167,-46.05,41.22,78,100,1.21,overcast clouds
442,Margate,GB,51.3813,1.3862,65.97,75,58,1.99,broken clouds
443,Nemuro,JP,43.3236,145.575,68.99,94,16,10.07,few clouds
444,Komsomolskiy,UZ,40.4272,71.7189,92.12,24,0,9.22,clear sky
445,Karratha,AU,-20.7377,116.8463,77.9,52,13,18.03,few clouds
446,Sosnogorsk,RU,63.6023,53.8817,48.54,71,100,8.86,overcast clouds
447,Armizonskoye,RU,55.9461,67.6736,66.72,45,52,12.15,broken clouds
448,Coihaique,CL,-45.5752,-72.0662,33.75,93,0,3.44,clear sky
449,Ust-Maya,RU,60.4167,134.5333,72.5,44,43,8.72,scattered clouds
450,Nalut,LY,30.3333,10.85,85.44,30,0,16.02,clear sky
451,San Jeronimo,PE,-11.9472,-75.2829,43.29,78,44,2.8,scattered clouds
452,Mackay,AU,-21.15,149.2,69.67,77,59,6.4,broken clouds
453,Kavieng,PG,-2.5744,150.7967,83.16,74,87,8.12,overcast clouds
454,Hualmay,PE,-11.0964,-77.6139,62.64,88,40,9.64,scattered clouds
455,Yarensk,RU,62.1675,49.0916,61.92,44,35,8.61,scattered clouds
456,Yermakovskoye,RU,53.2831,92.4003,55.85,98,100,7.18,moderate rain
457,Luanshya,ZM,-13.1367,28.4166,46.56,35,71,8.05,broken clouds
458,Charagua,BO,-19.8,-63.2167,51.46,39,98,6.42,overcast clouds
459,Los Llanos De Aridane,ES,28.6585,-17.9182,69.55,89,90,16.11,overcast clouds
460,Sanming,CN,26.2486,117.6186,93.09,57,83,5.7,broken clouds
461,Zhoucheng,CN,35.9122,116.3117,72.82,91,100,17.43,moderate rain
462,Saint-Raymond,CA,45.467,-73.6095,60.19,93,9,3.65,clear sky
463,Evensk,RU,61.95,159.2333,56.44,51,64,13.62,broken clouds
464,Nampula,MZ,-15.1165,39.2666,73.06,51,6,8.1,clear sky
465,Rio Grande,BR,-32.035,-52.0986,40.95,72,46,19.17,scattered clouds
466,Warangal,IN,18.0,79.5833,89.62,51,94,17.29,overcast clouds
467,Bouca,CF,6.5105,18.2733,75.06,87,96,4.5,light rain
468,Ust-Tsilma,RU,65.441,52.1498,50.58,66,100,8.93,overcast clouds
469,New Waterford,US,40.8451,-80.6145,68.9,94,0,1.25,clear sky
470,Laurel,US,39.0993,-76.8483,77.09,82,1,3.0,clear sky
471,Tres Arroyos,AR,-38.3739,-60.2798,40.55,77,99,16.46,overcast clouds
472,Siderno,IT,38.2779,16.302,93.15,39,0,3.11,clear sky
473,Ongandjera,NA,-17.8833,15.0667,61.2,27,0,9.86,clear sky
474,Linguere,SN,15.3953,-15.1193,77.32,74,100,9.69,overcast clouds
475,Serebryansk,KZ,49.6925,83.2892,74.75,39,1,11.74,clear sky
476,Astorga,BR,-23.2325,-51.6656,48.6,66,100,12.59,overcast clouds
477,Wanxian,CN,30.8039,108.3897,91.62,62,58,1.52,light rain
478,Walvis Bay,NA,-22.9575,14.5053,65.46,50,0,8.57,clear sky
479,Srednekolymsk,RU,67.45,153.6833,37.58,97,100,9.37,light rain
480,Mayor Pablo Lagerenza,PY,-19.9309,-60.7718,58.73,26,100,8.72,overcast clouds
481,Shar,KZ,49.5886,81.0453,76.19,24,0,14.97,clear sky
482,Tigao,PH,9.2089,126.1761,85.19,73,99,5.57,overcast clouds
483,Tahe,CN,52.3333,124.7333,75.45,59,62,7.29,broken clouds
484,Alice Springs,AU,-23.7,133.8833,76.55,21,66,11.99,broken clouds
485,Takoradi,GH,4.8845,-1.7554,76.98,77,99,8.32,overcast clouds
486,Muravlenko,RU,63.7898,74.523,51.26,78,96,11.23,light rain
487,Svetlyy,RU,54.675,20.1347,77.05,63,85,6.85,overcast clouds
488,Palana,RU,59.1167,159.9667,47.62,92,97,3.98,overcast clouds
489,Nuevitas,CU,21.5453,-77.2644,78.24,90,22,5.95,few clouds
490,Khani,GE,41.9563,42.9566,74.77,78,38,3.91,scattered clouds
491,Pemangkat,ID,1.1667,108.9667,85.98,71,41,16.33,scattered clouds
492,Mopti,ML,14.6667,-4.0,83.37,65,69,9.33,broken clouds
493,Dolores,AR,-36.3132,-57.6792,38.84,85,45,13.42,scattered clouds
494,Uthal,PK,25.8072,66.6219,91.2,60,100,12.33,overcast clouds
495,Sonari,IN,27.0667,95.0333,94.84,61,37,2.91,scattered clouds
496,Tabatinga,BR,-4.2525,-69.9381,71.69,100,20,2.3,few clouds
497,Havelock,US,34.8791,-76.9013,82.38,93,100,4.72,overcast clouds
498,Gouyave,GD,12.1646,-61.7296,79.56,74,59,12.03,broken clouds
499,Nouadhibou,MR,20.931,-17.0347,67.05,92,41,20.11,scattered clouds
500,Rancho Palos Verdes,US,33.7445,-118.387,75.06,90,0,3.0,clear sky
501,Iqaluit,CA,63.7506,-68.5145,41.7,75,100,5.01,overcast clouds
502,Adrar,MR,20.5022,-10.0711,85.93,35,25,14.56,scattered clouds
503,Uyskoye,RU,54.3775,60.0047,63.07,58,91,9.51,overcast clouds
504,Iglesias,IT,39.3114,8.535,83.62,22,0,6.91,clear sky
505,Itzehoe,DE,53.921,9.5153,69.28,78,53,12.15,broken clouds
506,Ilinskoye-Khovanskoye,RU,56.9718,39.7684,72.73,45,55,7.58,broken clouds
507,Tagusao,PH,9.1924,117.8141,87.03,67,90,18.16,overcast clouds
508,Shimoda,JP,34.6667,138.95,84.11,76,16,13.56,few clouds
509,Hanzhong,CN,33.0728,107.0303,88.29,55,7,2.62,clear sky
510,Caconda,AO,-13.7333,15.0667,65.28,21,13,7.52,few clouds
511,Longonjo,AO,-12.9067,15.2533,68.95,21,10,2.98,clear sky
512,Charlottesville,US,38.0293,-78.4767,73.22,89,1,1.01,clear sky
513,Paldiski,EE,59.3567,24.0531,73.35,88,90,10.36,overcast clouds
514,Kamaishi,JP,39.2667,141.8833,74.61,94,100,4.7,overcast clouds
515,Kavaratti,IN,10.5669,72.642,82.18,79,100,18.16,overcast clouds
516,Marystown,CA,47.1666,-55.1483,64.85,100,99,6.31,overcast clouds
517,Hambantota,LK,6.1241,81.1185,88.02,63,100,23.11,overcast clouds
518,Yongan,CN,39.6957,113.6871,78.37,59,100,8.52,overcast clouds
519,Ewa Beach,US,21.3156,-158.0072,78.75,68,75,13.0,broken clouds
520,Serafimovskiy,RU,54.4241,53.7964,68.29,34,2,11.18,clear sky
521,Anadyr,RU,64.75,177.4833,48.0,100,100,13.0,light rain
522,Diffa,NE,13.3154,12.6113,76.08,83,100,9.89,overcast clouds
523,Ossora,RU,59.2353,163.0719,59.5,72,98,3.94,light rain
524,Ostrovnoy,RU,68.0531,39.5131,47.21,87,99,12.15,overcast clouds
525,Lisieux,FR,49.1667,0.1667,62.46,77,13,14.34,few clouds
526,Mataram,ID,-8.5833,116.1167,85.01,61,5,12.48,clear sky
527,Adre,TD,13.4667,22.2,74.68,78,99,6.22,overcast clouds
528,Nsukka,NG,6.8561,7.3927,72.1,82,100,5.3,overcast clouds
529,Haines Junction,CA,60.7522,-137.5108,46.8,95,87,4.72,overcast clouds
530,Naze,JP,28.3667,129.4833,78.66,86,100,12.59,overcast clouds
531,Edson,CA,53.5835,-116.4356,52.83,86,11,0.25,few clouds
532,Ambatondrazaka,MG,-17.8333,48.4167,67.24,50,0,5.28,clear sky
533,Vangaindrano,MG,-23.35,47.6,70.56,80,60,11.43,light rain
534,Misratah,LY,32.3754,15.0925,81.99,55,0,5.95,clear sky
535,Rudbar,AF,30.15,62.6,100.81,10,100,25.34,overcast clouds
536,Raga,SS,8.4596,25.678,72.59,94,96,4.12,light rain
537,Asyut,EG,27.181,31.1837,94.44,19,18,17.54,few clouds
538,Yuzhno-Kurilsk,RU,44.0306,145.8556,68.2,92,37,7.76,scattered clouds
539,Korla,CN,41.7597,86.1469,102.18,10,3,7.94,clear sky
540,Ostersund,SE,63.1792,14.6357,68.45,60,75,3.44,broken clouds
541,Port-Gentil,GA,-0.7193,8.7815,75.27,82,93,7.99,overcast clouds
542,Tacoronte,ES,28.4769,-16.4102,71.4,74,75,17.0,fog
543,Chihuahua,MX,28.5,-106.0,78.78,28,97,9.08,overcast clouds
544,Nawa,IN,27.0167,75.0,86.38,66,100,12.06,heavy intensity rain
545,Iracoubo,GF,5.4802,-53.2011,76.98,86,27,7.56,scattered clouds
546,Estevan,CA,49.1334,-102.9842,70.14,38,99,8.32,overcast clouds
547,Aksu,CN,41.1231,80.2644,100.36,14,57,7.94,broken clouds
548,Lucea,JM,18.451,-78.1736,80.46,81,99,8.39,overcast clouds
549,Teguise,ES,29.0605,-13.564,68.22,78,75,12.66,broken clouds
550,Bilibino,RU,68.0546,166.4372,43.52,70,97,3.74,overcast clouds
551,Nuevo Progreso,MX,23.1667,-97.95,77.59,87,72,2.75,broken clouds
552,Ulladulla,AU,-35.35,150.4667,63.88,60,50,12.88,scattered clouds
553,Ciudad Bolivar,VE,8.1222,-63.5497,73.96,95,78,4.09,broken clouds
554,Bira,RU,49.0,132.4667,85.03,69,57,8.5,moderate rain
555,Sabha,LY,27.0377,14.4283,91.96,16,0,12.93,clear sky
556,Hami,CN,42.8,93.45,102.27,10,10,6.55,clear sky
557,Saint-Pierre,RE,-21.3393,55.4781,69.3,76,100,10.0,moderate rain
558,Alyangula,AU,-13.8483,136.4192,77.13,74,7,5.99,clear sky
559,Tarazona,ES,41.9,-1.7333,70.54,61,0,8.21,clear sky
560,Bodaybo,RU,57.8506,114.1933,84.58,45,92,6.55,overcast clouds
561,Awjilah,LY,29.1081,21.2869,91.74,25,0,6.44,clear sky
562,Nabire,ID,-3.3667,135.4833,82.45,80,100,4.03,overcast clouds
563,Safford,US,32.834,-109.7076,78.12,88,1,6.91,clear sky
564,Linxia,CN,35.6003,103.2064,79.59,28,65,2.93,broken clouds
565,Omsukchan,RU,62.5333,155.8,45.75,72,99,7.45,light rain
566,Salalah,OM,17.0151,54.0924,82.49,83,75,12.66,broken clouds
567,Diapaga,BF,12.0708,1.7889,75.11,87,100,7.2,overcast clouds
568,Taksimo,RU,56.3444,114.8794,75.15,55,100,6.55,light rain
569,Venafro,IT,41.4834,14.0451,91.22,18,72,6.22,broken clouds
570,Batagay,RU,67.6333,134.6333,63.16,36,13,14.76,few clouds
571,Bharatpur,IN,27.2167,77.4833,88.36,67,100,5.64,moderate rain
572,Khandyga,RU,62.6667,135.6,68.11,41,9,12.93,clear sky
573,Urumqi,CN,43.801,87.6005,90.55,22,0,8.95,clear sky
574,Chabahar,IR,25.2919,60.643,88.54,72,61,14.81,broken clouds
575,Geraldton,AU,-28.7667,114.6,63.12,88,90,13.8,overcast clouds
576,Lata,PT,40.1629,-8.3327,69.04,63,1,4.97,clear sky
577,Owando,CG,-0.4819,15.8999,86.81,38,80,4.23,broken clouds
578,Sri Aman,MY,1.2376,111.4621,95.29,42,37,3.2,scattered clouds
579,Quelimane,MZ,-17.8786,36.8883,71.55,78,75,4.61,light rain
580,Suchedniow,PL,51.0478,20.8292,85.77,53,68,4.9,broken clouds
581,Port Macquarie,AU,-31.4333,152.9167,71.56,53,4,7.18,clear sky
582,Pontianak,ID,-0.0333,109.3333,89.58,66,40,6.91,scattered clouds
583,Sursk,RU,53.0754,45.6846,77.45,44,8,5.66,clear sky
584,Coos Bay,US,43.3665,-124.2179,70.86,90,90,4.61,mist
585,Vrangel,RU,42.7297,133.0839,76.75,81,94,6.04,overcast clouds
586,Neftcala,AZ,39.3742,49.2472,80.31,60,99,34.85,overcast clouds
587,Anshun,CN,26.25,105.9333,81.18,59,68,6.13,moderate rain
588,Kolar,IN,13.1333,78.1333,83.44,48,100,21.97,overcast clouds
589,Balabac,PH,7.9868,117.0645,86.18,74,100,15.35,overcast clouds
590,Upanema,BR,-5.6419,-37.2578,71.47,83,37,4.85,scattered clouds
591,Faya,SA,18.3851,42.4509,73.92,57,58,4.92,broken clouds
592,Agadez,NE,19.75,10.25,91.02,35,6,4.03,clear sky
593,Floriano,BR,-6.7669,-43.0225,77.18,49,94,7.45,overcast clouds
594,Taoudenni,ML,22.6783,-3.9836,98.06,19,100,10.54,overcast clouds
595,Tura,IN,25.5198,90.2201,85.59,75,59,6.02,broken clouds
596,Novyy Urengoy,RU,66.0833,76.6333,63.55,53,100,10.49,overcast clouds
597,Merzifon,TR,40.8733,35.4631,78.26,36,20,18.41,few clouds
598,Buraydah,SA,26.326,43.975,109.38,10,46,16.93,scattered clouds
599,Meadow Lake,US,34.8014,-106.5436,71.08,81,69,2.66,broken clouds
600,Iroquois Falls,CA,48.7669,-80.6831,49.32,80,12,3.89,few clouds
601,Tanhacu,BR,-14.0214,-41.2481,64.38,86,5,3.98,clear sky
602,Praia,CV,14.9215,-23.5087,75.74,78,75,8.05,broken clouds
603,Mangrol,IN,21.1167,70.1167,82.53,83,100,25.57,overcast clouds
604,Sandwick,GB,60.0,-1.25,55.22,94,90,12.66,overcast clouds
605,Yaguajay,CU,22.3272,-79.2378,76.98,89,2,4.94,clear sky
606,Leirvik,NO,59.7798,5.5005,67.86,94,40,4.61,scattered clouds
607,Springville,US,40.1652,-111.6107,76.98,57,1,9.22,clear sky
608,Domoni,KM,-12.2569,44.5319,77.58,69,54,11.25,broken clouds
609,Santa Maria,BR,-29.6842,-53.8069,37.4,71,0,7.56,clear sky
610,Ankang,CN,32.68,109.0172,92.01,51,28,2.89,scattered clouds
611,Kathmandu,NP,27.7167,85.3167,80.82,69,75,9.22,broken clouds
612,Shillong,IN,25.5689,91.8831,76.23,79,83,3.8,light rain
613,Shieli,KZ,44.1667,66.75,93.49,11,0,14.43,clear sky
614,Gopalganj,IN,26.4667,84.4333,92.08,61,69,4.03,broken clouds
615,Chicama,PE,-7.8447,-79.1469,64.36,92,55,5.88,broken clouds
616,Koungou,YT,-12.7336,45.2042,80.31,65,0,16.11,clear sky
617,Polunochnoye,RU,60.8697,60.4153,49.23,69,100,11.05,overcast clouds
618,San Cristobal,VE,7.7669,-72.225,63.95,91,13,1.19,few clouds
619,Coahuayana,MX,18.7333,-103.6833,76.3,94,99,3.71,overcast clouds
620,Sola,VU,-13.8833,167.55,79.45,79,41,22.64,scattered clouds
621,Quatre Cocos,MU,-20.2078,57.7625,67.08,81,99,22.64,light rain
622,Madikeri,IN,12.4167,75.7333,70.47,80,100,8.05,light rain
623,Pahrump,US,36.2083,-115.9839,87.1,28,91,3.33,overcast clouds
624,Bazaliya,UA,49.7127,26.4733,78.58,60,9,5.1,clear sky
625,Laguna,US,38.421,-121.4238,77.94,55,1,1.01,clear sky
626,Chifeng,CN,42.2683,118.9636,78.1,67,100,2.39,overcast clouds
627,Mezen,RU,65.8522,44.24,51.04,95,100,7.76,overcast clouds
628,Sept-Iles,CA,50.2001,-66.3821,55.06,78,85,1.99,overcast clouds
629,Conceicao Do Araguaia,BR,-8.2578,-49.2647,66.06,50,0,4.09,clear sky
630,Kholmogory,RU,64.2229,41.656,66.31,40,100,9.19,light rain
631,Brigantine,US,39.4101,-74.3646,75.25,92,40,0.0,mist
632,Neiafu,TO,-18.65,-173.9833,72.52,84,100,18.21,light rain
633,Sioux Lookout,CA,50.1001,-91.917,59.76,67,68,5.68,broken clouds
634,Artyom,AZ,40.4723,50.333,75.34,74,100,35.59,overcast clouds
635,Tecoanapa,MX,16.5167,-98.75,77.81,80,76,5.01,broken clouds
636,Tilichiki,RU,60.4667,166.1,57.52,61,96,14.76,overcast clouds
637,Sanchor,IN,24.7553,71.7722,87.96,66,100,24.05,overcast clouds
638,Chumikan,RU,54.7183,135.315,69.01,68,11,8.03,few clouds
639,Douglas,US,41.3,-96.167,80.47,88,1,1.01,clear sky
640,Suluq,LY,31.6682,20.2521,87.21,23,0,2.06,clear sky
641,Qandala,SO,11.472,49.8728,92.25,43,95,6.38,overcast clouds
642,Kropotkin,RU,45.4375,40.5756,82.74,36,0,7.87,clear sky
643,Komyshnya,UA,50.1859,33.684,86.23,33,96,12.37,light rain
644,Fare,PF,-16.7,-151.0167,78.75,69,40,6.69,scattered clouds
645,Wattegama,LK,6.7989,81.4808,99.01,32,100,4.97,overcast clouds
646,Penaranda,PH,15.3333,121.0167,81.18,86,100,9.26,moderate rain
647,Tokmak,UA,47.2514,35.7058,85.35,42,0,9.19,clear sky
648,Wajima,JP,37.4,136.9,81.05,73,15,5.5,few clouds
649,Gemena,CD,3.25,19.7667,75.83,75,99,3.6,overcast clouds
650,Kendari,ID,-3.945,122.4989,82.51,75,75,4.76,broken clouds
651,Waw,SS,7.7029,27.9953,75.27,90,98,3.6,light rain
652,Yozgat,TR,39.5833,35.3333,73.4,35,0,21.74,clear sky
653,Maarianhamina,AX,60.0973,19.9348,66.06,94,75,5.75,heavy intensity shower rain
654,Kysyl-Syr,RU,63.8986,122.7617,77.67,38,0,7.36,clear sky
655,Bonavista,CA,48.6499,-53.1147,65.12,97,97,14.83,overcast clouds
656,Jutai,BR,-5.1833,-68.9,72.12,93,70,1.81,broken clouds
657,Almaznyy,RU,48.0448,40.045,80.74,32,0,2.57,clear sky
658,Sur,OM,22.5667,59.5289,100.22,41,68,3.51,broken clouds
659,Kumluca,TR,36.3703,30.2869,93.63,32,0,1.95,clear sky
660,Back Mountain,US,41.3359,-75.9963,65.34,97,3,2.77,clear sky
661,Damietta,EG,31.4165,31.8133,86.94,53,0,9.06,clear sky
662,Zaysan,KZ,47.4667,84.8667,80.44,19,0,18.54,clear sky
663,Erdemli,TR,36.605,34.3084,90.46,45,0,10.16,clear sky
664,Beringovskiy,RU,63.05,179.3167,46.63,86,100,21.77,overcast clouds
665,Newport,GB,51.5877,-2.9984,64.02,91,100,14.61,moderate rain
666,Kahului,US,20.8947,-156.47,77.85,89,40,17.27,scattered clouds
667,Athabasca,CA,54.7169,-113.2854,52.79,72,8,2.42,clear sky
668,Georgiyevskoye,RU,58.731,45.024,69.44,35,38,5.3,scattered clouds
669,Iacu,BR,-12.7672,-40.2117,64.24,95,8,1.79,clear sky
670,Ibra,OM,22.6906,58.5334,101.43,26,92,19.53,overcast clouds
671,Locri,IT,38.2414,16.2623,93.11,37,0,3.36,clear sky
672,Luau,AO,-10.7073,22.2247,72.61,25,47,5.75,scattered clouds
673,Goianesia,BR,-15.3175,-49.1175,64.24,47,1,2.73,clear sky
674,Lexington Park,US,38.2668,-76.4538,78.66,95,1,3.44,haze
675,Mahibadhoo,MV,3.7833,72.9667,82.69,72,100,7.99,overcast clouds
676,Revelstoke,CA,50.9832,-118.2023,64.22,57,0,1.99,clear sky
677,Newark,US,40.7357,-74.1724,72.25,88,90,0.0,overcast clouds
678,Vysokovsk,RU,56.3167,36.55,69.66,87,100,7.09,light rain
679,Shelburne,CA,44.0787,-80.2041,60.85,85,11,3.56,few clouds
680,Qasigiannguit,GL,68.8193,-51.1922,48.45,83,100,0.94,overcast clouds
681,Podgornoye,RU,51.735,39.1496,82.62,32,0,4.47,clear sky
682,Suntar,RU,62.1444,117.6319,86.41,37,4,6.78,clear sky
683,Macas,EC,-2.3167,-78.1167,62.76,96,55,3.29,broken clouds
684,Arica,CL,-18.475,-70.3042,59.23,77,90,4.61,overcast clouds
685,Rosetta,EG,31.4044,30.4164,84.54,62,0,11.03,clear sky
686,Boyolangu,ID,-8.1181,111.8935,80.6,65,59,11.18,broken clouds
687,Gazanjyk,TM,39.2446,55.5154,103.46,14,3,3.33,clear sky
688,Skibbereen,IE,51.55,-9.2667,58.8,72,27,18.1,scattered clouds
689,Carballo,ES,43.213,-8.691,67.91,81,72,5.57,broken clouds
690,Sao Jose Da Coroa Grande,BR,-8.8978,-35.1478,73.62,86,13,7.38,few clouds
691,San Policarpo,PH,12.1791,125.5072,90.18,59,100,8.46,overcast clouds
692,Muros,ES,42.7762,-9.0603,68.99,74,24,8.88,few clouds
693,Campbell River,CA,50.0163,-125.2446,65.59,73,0,4.56,clear sky
694,Alofi,NU,-19.0595,-169.9187,72.14,88,100,17.87,moderate rain
695,Oksfjord,NO,70.2396,22.3479,51.01,74,100,5.97,overcast clouds
696,Camopi,GF,3.1655,-52.3158,69.82,99,45,1.9,scattered clouds
697,Seoul,KR,37.5683,126.9778,96.19,45,56,7.05,broken clouds
698,Manuk Mangkaw,PH,4.8,119.85,84.74,79,90,16.28,overcast clouds
699,Kyrnasivka,UA,48.5955,28.979,84.09,56,75,8.86,broken clouds
700,Morondava,MG,-20.2833,44.2833,78.53,33,0,1.95,clear sky
701,Jarwal,IN,27.1667,81.55,92.05,60,77,9.37,broken clouds
702,Izumo,JP,35.3667,132.7667,82.36,71,4,7.47,clear sky
